{"train/loss": 1.6659, "train/grad_norm": 1.2485209703445435, "train/learning_rate": 1.9609879258752902e-10, "train/epoch": 1.0, "train/global_step": 29143, "_timestamp": 1744110635.9834282, "_runtime": 17134.692795276642, "_step": 2918, "eval/loss": 1.6608846187591553, "eval/runtime": 991.6224, "eval/samples_per_second": 6.285, "eval/steps_per_second": 6.285, "train_runtime": 16985.6157, "train_samples_per_second": 1.716, "train_steps_per_second": 1.716, "total_flos": 3.353459937590477e+17, "train_loss": 1.7174773077825216, "_wandb": {"runtime": 17129}}